{
  "project_info": {
    "project_number": "76693926932",
    "project_id": "fastmarket-b7e07",
    "storage_bucket": "fastmarket-b7e07.appspot.com"
  },
  "client": [
    {
      "client_info": {
        "mobilesdk_app_id": "1:76693926932:android:3ef4b07eb7550dc408a301",
        "android_client_info": {
          "package_name": "cl.valep.myapplication"
        }
      },
      "oauth_client": [
        {
          "client_id": "76693926932-qj7vhusbifdpkuf10ik4a4042g4vi5ps.apps.googleusercontent.com",
          "client_type": 3
        }
      ],
      "api_key": [
        {
          "current_key": "AIzaSyA710aVH8_TiwInELDuvbQqltWklaeI2xI"
        }
      ],
      "services": {
        "appinvite_service": {
          "other_platform_oauth_client": [
            {
              "client_id": "76693926932-qj7vhusbifdpkuf10ik4a4042g4vi5ps.apps.googleusercontent.com",
              "client_type": 3
            }
          ]
        }
      }
    }
  ],
  "configuration_version": "1"
}